INSERT INTO DIS_CONFIG_GROUP (CODE,PARENT_CODE,POSITION,DESCRIPTION) VALUES ('GENERAL',null,'0','Configuracions generals');
INSERT INTO DIS_CONFIG_GROUP (CODE,PARENT_CODE,POSITION,DESCRIPTION) VALUES ('SCHEDULLED_ARXIU','SCHEDULLED','1','Tasca periòdica de guardar annexos a l''arxiu');
INSERT INTO DIS_CONFIG_GROUP (CODE,PARENT_CODE,POSITION,DESCRIPTION) VALUES ('EMAIL',null,'1','Enviament de correus');
INSERT INTO DIS_CONFIG_GROUP (CODE,PARENT_CODE,POSITION,DESCRIPTION) VALUES ('SCHEDULLED',null,'2','Configuració de les tasques periodiques');
INSERT INTO DIS_CONFIG_GROUP (CODE,PARENT_CODE,POSITION,DESCRIPTION) VALUES ('ARXIU',null,'3','Configuració de l''arxiu');
INSERT INTO DIS_CONFIG_GROUP (CODE,PARENT_CODE,POSITION,DESCRIPTION) VALUES ('UNITATS',null,'4','ConfigurINSERT INTODIS_ació del plugin d''unitats organitzatives');
INSERT INTO DIS_CONFIG_GROUP (CODE,PARENT_CODE,POSITION,DESCRIPTION) VALUES ('GES_DOC',null,'5','Gestió documental (Sistema de fitxers)');
INSERT INTO DIS_CONFIG_GROUP (CODE,PARENT_CODE,POSITION,DESCRIPTION) VALUES ('USUARIS',null,'6','Configuració del plugin d''usuaris');
INSERT INTO DIS_CONFIG_GROUP (CODE,PARENT_CODE,POSITION,DESCRIPTION) VALUES ('DISTRIBUCIO',null,'7','Configuració del plugin de distribució');
INSERT INTO DIS_CONFIG_GROUP (CODE,PARENT_CODE,POSITION,DESCRIPTION) VALUES ('PROCEDIMENTS',null,'8','Plugin de consulta de procediments');
INSERT INTO DIS_CONFIG_GROUP (CODE,PARENT_CODE,POSITION,DESCRIPTION) VALUES ('DADES_EXTERNES',null,'9','Plugin de dades externes');
INSERT INTO DIS_CONFIG_GROUP (CODE,PARENT_CODE,POSITION,DESCRIPTION) VALUES ('SIGNATURA',null,'10','Plugin de signatura');
INSERT INTO DIS_CONFIG_GROUP (CODE,PARENT_CODE,POSITION,DESCRIPTION) VALUES ('VALID_SIGN',null,'11','Plugin de validació de firmes');
INSERT INTO DIS_CONFIG_GROUP (CODE,PARENT_CODE,POSITION,DESCRIPTION) VALUES ('SCHEDULLED_BACKOFFICE','SCHEDULLED','15','Tasca periòdica d''enviament d''annotacions al backoffice');
INSERT INTO DIS_CONFIG_GROUP (CODE,PARENT_CODE,POSITION,DESCRIPTION) VALUES ('SCHEDULLED_REGLES','SCHEDULLED','16','Tasca periòdica d''aplicació de regles del tipus backoffice');
INSERT INTO DIS_CONFIG_GROUP (CODE,PARENT_CODE,POSITION,DESCRIPTION) VALUES ('SCHEDULLED_TANCAR','SCHEDULLED','17','Tasca periòdica de tancar contenidors pendents');
INSERT INTO DIS_CONFIG_GROUP (CODE,PARENT_CODE,POSITION,DESCRIPTION) VALUES ('SCHEDULLED_EMAILS_NO_AGRUPATS','SCHEDULLED','18','Tasca periòdica de enviar emails no agrupats');
INSERT INTO DIS_CONFIG_GROUP (CODE,PARENT_CODE,POSITION,DESCRIPTION) VALUES ('SCHEDULLED_EMAILS_AGRUPATS','SCHEDULLED','19','Tasca periòdica de enviar emails agrupats');
INSERT INTO DIS_CONFIG_GROUP (CODE,PARENT_CODE,POSITION,DESCRIPTION) VALUES ('SCHEDULLED_MON_INT','SCHEDULLED','20','Tasca periòdica d''esborrat de dades antigues del Monitor d''Integracions');
INSERT INTO DIS_CONFIG_GROUP (CODE, PARENT_CODE, POSITION, DESCRIPTION) VALUES ('SCHEDULLED_BACKOFFICE_ERRORS', 'SCHEDULLED', '21', 'Tasca periòdica de reintentar anotacions processades amb errors al backoffice');
INSERT INTO DIS_CONFIG_GROUP (CODE, PARENT_CODE, POSITION, DESCRIPTION) VALUES ('SCHEDULLED_PROCEDIMENT', 'SCHEDULLED', '22', 'Tasca periòdica per actualitzar la taula de procediments');

INSERT INTO DIS_CONFIG_TYPE (CODE,VALUE) VALUES ('BOOL',null);
INSERT INTO DIS_CONFIG_TYPE (CODE,VALUE) VALUES ('TEXT',null);
INSERT INTO DIS_CONFIG_TYPE (CODE,VALUE) VALUES ('INT',null);
INSERT INTO DIS_CONFIG_TYPE (CODE,VALUE) VALUES ('FLOAT',null);
INSERT INTO DIS_CONFIG_TYPE (CODE,VALUE) VALUES ('CRON',null);
INSERT INTO DIS_CONFIG_TYPE (CODE,VALUE) VALUES ('CREDENTIALS',null);

INSERT INTO DIS_CONFIG (KEY,VALUE,DESCRIPTION,GROUP_CODE,POSITION,JBOSS_PROPERTY,TYPE_CODE,LASTMODIFIEDBY_CODI,LASTMODIFIEDDATE) VALUES ('es.caib.distribucio.anotacio.processament.asincron',null,'Indica si les noves anotacions s''haurian de processar de manera asíncrona','SCHEDULLED','0',false,'BOOL',null,null);
INSERT INTO DIS_CONFIG (KEY,VALUE,DESCRIPTION,GROUP_CODE,POSITION,JBOSS_PROPERTY,TYPE_CODE,LASTMODIFIEDBY_CODI,LASTMODIFIEDDATE) VALUES ('es.caib.distribucio.tasca.guardar.annexos.temps.espera.execucio',null,'Interval de temps entre les execucions de la tasca (ms)','SCHEDULLED_ARXIU','1',false,'INT',null,null);
INSERT INTO DIS_CONFIG (KEY,VALUE,DESCRIPTION,GROUP_CODE,POSITION,JBOSS_PROPERTY,TYPE_CODE,LASTMODIFIEDBY_CODI,LASTMODIFIEDDATE) VALUES ('es.caib.distribucio.tasca.guardar.annexos.max.reintents',null,'Nombre de reintents de guardar annexos a l''arxiu','SCHEDULLED_ARXIU','2',false,'INT',null,null);
INSERT INTO DIS_CONFIG (KEY,VALUE,DESCRIPTION,GROUP_CODE,POSITION,JBOSS_PROPERTY,TYPE_CODE,LASTMODIFIEDBY_CODI,LASTMODIFIEDDATE) VALUES ('es.caib.distribucio.tasca.guardar.annexos.max.threads.parallel',null,'Nombre maxim de threads paral·lels','SCHEDULLED_ARXIU','3',false,'INT',null,null);
INSERT INTO DIS_CONFIG (KEY,VALUE,DESCRIPTION,GROUP_CODE,POSITION,JBOSS_PROPERTY,TYPE_CODE,LASTMODIFIEDBY_CODI,LASTMODIFIEDDATE) VALUES ('es.caib.distribucio.tasca.guardar.annexos.innectivitat.cron',null,'Expressió ''cron'' per definir opcionalment un període d''innactivitat','SCHEDULLED_ARXIU','4',false,'CRON',null,null);
INSERT INTO DIS_CONFIG (KEY,VALUE,DESCRIPTION,GROUP_CODE,POSITION,JBOSS_PROPERTY,TYPE_CODE,LASTMODIFIEDBY_CODI,LASTMODIFIEDDATE) VALUES ('es.caib.distribucio.tasca.guardar.annexos.firmes.invalides.com.esborrany',null,'Annexos amb firmes invàlides com esborranys. Per defecte és fals','SCHEDULLED_ARXIU','5',false,'BOOL',null,null);
INSERT INTO DIS_CONFIG (KEY,VALUE,DESCRIPTION,GROUP_CODE,POSITION,JBOSS_PROPERTY,TYPE_CODE,LASTMODIFIEDBY_CODI,LASTMODIFIEDDATE) VALUES ('es.caib.distribucio.plugins.distribucio.fitxers.class',null,'Plugin de distribució','DISTRIBUCIO','0',false,'TEXT',null,null);
INSERT INTO DIS_CONFIG (KEY,VALUE,DESCRIPTION,GROUP_CODE,POSITION,JBOSS_PROPERTY,TYPE_CODE,LASTMODIFIEDBY_CODI,LASTMODIFIEDDATE) VALUES ('es.caib.distribucio.plugin.arxiu.document.versionable',null,'Document versionable','ARXIU','6',false,'BOOL',null,null);
INSERT INTO DIS_CONFIG (KEY,VALUE,DESCRIPTION,GROUP_CODE,POSITION,JBOSS_PROPERTY,TYPE_CODE,LASTMODIFIEDBY_CODI,LASTMODIFIEDDATE) VALUES ('es.caib.distribucio.plugin.unitats.organitzatives.class',null,'Classe de plugin d''unitats organitzatives','UNITATS','0',false,'TEXT',null,null);
INSERT INTO DIS_CONFIG (KEY,VALUE,DESCRIPTION,GROUP_CODE,POSITION,JBOSS_PROPERTY,TYPE_CODE,LASTMODIFIEDBY_CODI,LASTMODIFIEDDATE) VALUES ('es.caib.distribucio.plugin.unitats.organitzatives.dir3.service.url',null,'Servei URL','UNITATS','1',true,'TEXT',null,null);
INSERT INTO DIS_CONFIG (KEY,VALUE,DESCRIPTION,GROUP_CODE,POSITION,JBOSS_PROPERTY,TYPE_CODE,LASTMODIFIEDBY_CODI,LASTMODIFIEDDATE) VALUES ('es.caib.distribucio.default.user.language','ca','Llenguatge per defecte de l''aplicació','GENERAL','0',false,'TEXT',null,null);
INSERT INTO DIS_CONFIG (KEY,VALUE,DESCRIPTION,GROUP_CODE,POSITION,JBOSS_PROPERTY,TYPE_CODE,LASTMODIFIEDBY_CODI,LASTMODIFIEDDATE) VALUES ('es.caib.distribucio.plugin.unitats.organitzatives.dir3.service.username',null,'Usuari','UNITATS','2',true,'TEXT',null,null);
INSERT INTO DIS_CONFIG (KEY,VALUE,DESCRIPTION,GROUP_CODE,POSITION,JBOSS_PROPERTY,TYPE_CODE,LASTMODIFIEDBY_CODI,LASTMODIFIEDDATE) VALUES ('es.caib.distribucio.plugin.unitats.organitzatives.dir3.service.password',null,'Contrasenya','UNITATS','3',true,'CREDENTIALS',null,null);
INSERT INTO DIS_CONFIG (KEY,VALUE,DESCRIPTION,GROUP_CODE,POSITION,JBOSS_PROPERTY,TYPE_CODE,LASTMODIFIEDBY_CODI,LASTMODIFIEDDATE) VALUES ('es.caib.distribucio.plugin.unitats.organitzatives.dir3.connect.timeout',null,'Connect timeout','UNITATS','4',false,'INT',null,null);
INSERT INTO DIS_CONFIG (KEY,VALUE,DESCRIPTION,GROUP_CODE,POSITION,JBOSS_PROPERTY,TYPE_CODE,LASTMODIFIEDBY_CODI,LASTMODIFIEDDATE) VALUES ('es.caib.distribucio.plugin.unitats.organitzatives.dir3.request.timeout',null,'Request timeout','UNITATS','5',false,'INT',null,null);
INSERT INTO DIS_CONFIG (KEY,VALUE,DESCRIPTION,GROUP_CODE,POSITION,JBOSS_PROPERTY,TYPE_CODE,LASTMODIFIEDBY_CODI,LASTMODIFIEDDATE) VALUES ('es.caib.distribucio.plugin.procediment.class',null,'Classe de plugin de procediments','PROCEDIMENTS','0',false,'TEXT',null,null);
INSERT INTO DIS_CONFIG (KEY,VALUE,DESCRIPTION,GROUP_CODE,POSITION,JBOSS_PROPERTY,TYPE_CODE,LASTMODIFIEDBY_CODI,LASTMODIFIEDDATE) VALUES ('es.caib.distribucio.app.base.url',null,'Especificar la URL base de l''aplicació','GENERAL','1',true,'TEXT',null,null);
INSERT INTO DIS_CONFIG (KEY,VALUE,DESCRIPTION,GROUP_CODE,POSITION,JBOSS_PROPERTY,TYPE_CODE,LASTMODIFIEDBY_CODI,LASTMODIFIEDDATE) VALUES ('es.caib.distribucio.plugin.procediment.rolsac.service.url',null,'Url per a accedir procediments','PROCEDIMENTS','1',true,'TEXT',null,null);
INSERT INTO DIS_CONFIG (KEY,VALUE,DESCRIPTION,GROUP_CODE,POSITION,JBOSS_PROPERTY,TYPE_CODE,LASTMODIFIEDBY_CODI,LASTMODIFIEDDATE) VALUES ('es.caib.distribucio.plugin.procediment.rolsac.service.username',null,'Nom de l''usuari per a accedir procediments','PROCEDIMENTS','2',true,'TEXT',null,null);
INSERT INTO DIS_CONFIG (KEY,VALUE,DESCRIPTION,GROUP_CODE,POSITION,JBOSS_PROPERTY,TYPE_CODE,LASTMODIFIEDBY_CODI,LASTMODIFIEDDATE) VALUES ('es.caib.distribucio.plugin.procediment.rolsac.service.password',null,'Password per a accedir procediments','PROCEDIMENTS','3',true,'CREDENTIALS',null,null);
INSERT INTO DIS_CONFIG (KEY,VALUE,DESCRIPTION,GROUP_CODE,POSITION,JBOSS_PROPERTY,TYPE_CODE,LASTMODIFIEDBY_CODI,LASTMODIFIEDDATE) VALUES ('es.caib.distribucio.plugin.dadesext.class',null,'Classe de plugin de dades externes','DADES_EXTERNES','0',false,'TEXT',null,null);
INSERT INTO DIS_CONFIG (KEY,VALUE,DESCRIPTION,GROUP_CODE,POSITION,JBOSS_PROPERTY,TYPE_CODE,LASTMODIFIEDBY_CODI,LASTMODIFIEDDATE) VALUES ('es.caib.distribucio.plugin.dadesext.service.url',null,'Servei URL','DADES_EXTERNES','1',true,'TEXT',null,null);
INSERT INTO DIS_CONFIG (KEY,VALUE,DESCRIPTION,GROUP_CODE,POSITION,JBOSS_PROPERTY,TYPE_CODE,LASTMODIFIEDBY_CODI,LASTMODIFIEDDATE) VALUES ('es.caib.distribucio.email.jndi',null,'JNDI email','EMAIL','0',true,'TEXT',null,null);
INSERT INTO DIS_CONFIG (KEY,VALUE,DESCRIPTION,GROUP_CODE,POSITION,JBOSS_PROPERTY,TYPE_CODE,LASTMODIFIEDBY_CODI,LASTMODIFIEDDATE) VALUES ('es.caib.distribucio.email.remitent',null,'Remitent dels correus electronics','EMAIL','0',false,'TEXT',null,null);
INSERT INTO DIS_CONFIG (KEY,VALUE,DESCRIPTION,GROUP_CODE,POSITION,JBOSS_PROPERTY,TYPE_CODE,LASTMODIFIEDBY_CODI,LASTMODIFIEDDATE) VALUES ('es.caib.distribucio.plugin.signatura.class',null,'Classe de plugin de signatura','SIGNATURA','0',false,'TEXT',null,null);
INSERT INTO DIS_CONFIG (KEY,VALUE,DESCRIPTION,GROUP_CODE,POSITION,JBOSS_PROPERTY,TYPE_CODE,LASTMODIFIEDBY_CODI,LASTMODIFIEDDATE) VALUES ('es.caib.distribucio.plugin.signatura.signarAnnexos',null,'Indica si s''han de signar annexos','SIGNATURA','1',false,'BOOL',null,null);
INSERT INTO DIS_CONFIG (KEY,VALUE,DESCRIPTION,GROUP_CODE,POSITION,JBOSS_PROPERTY,TYPE_CODE,LASTMODIFIEDBY_CODI,LASTMODIFIEDDATE) VALUES ('es.caib.distribucio.plugin.api.firma.en.servidor.simple.endpoint',null,'Endpoint','SIGNATURA','2',true,'TEXT',null,null);
INSERT INTO DIS_CONFIG (KEY,VALUE,DESCRIPTION,GROUP_CODE,POSITION,JBOSS_PROPERTY,TYPE_CODE,LASTMODIFIEDBY_CODI,LASTMODIFIEDDATE) VALUES ('es.caib.distribucio.plugin.api.firma.en.servidor.simple.username',null,'Usuari','SIGNATURA','3',true,'TEXT',null,null);
INSERT INTO DIS_CONFIG (KEY,VALUE,DESCRIPTION,GROUP_CODE,POSITION,JBOSS_PROPERTY,TYPE_CODE,LASTMODIFIEDBY_CODI,LASTMODIFIEDDATE) VALUES ('es.caib.distribucio.plugin.api.firma.en.servidor.simple.password',null,'Contrasenya','SIGNATURA','4',true,'CREDENTIALS',null,null);
INSERT INTO DIS_CONFIG (KEY,VALUE,DESCRIPTION,GROUP_CODE,POSITION,JBOSS_PROPERTY,TYPE_CODE,LASTMODIFIEDBY_CODI,LASTMODIFIEDDATE) VALUES ('es.caib.distribucio.plugin.api.firma.en.servidor.simple.perfil',null,'Propietat per especificar el perfil de firma de l''usuari al Portasignatures. Es pot deixar buit si només en té un d''assignat.','SIGNATURA','5',false,'TEXT',null,null);
INSERT INTO DIS_CONFIG (KEY,VALUE,DESCRIPTION,GROUP_CODE,POSITION,JBOSS_PROPERTY,TYPE_CODE,LASTMODIFIEDBY_CODI,LASTMODIFIEDDATE) VALUES ('es.caib.distribucio.plugin.signatura.portafib.username',null,'Nom del certificat a utilitzar en la firma. És opcional','SIGNATURA','6',false,'TEXT',null,null);
INSERT INTO DIS_CONFIG (KEY,VALUE,DESCRIPTION,GROUP_CODE,POSITION,JBOSS_PROPERTY,TYPE_CODE,LASTMODIFIEDBY_CODI,LASTMODIFIEDDATE) VALUES ('es.caib.distribucio.plugin.validatesignature.class',null,'Classe de plugin de validació de firmes','VALID_SIGN','0',false,'TEXT',null,null);
INSERT INTO DIS_CONFIG (KEY,VALUE,DESCRIPTION,GROUP_CODE,POSITION,JBOSS_PROPERTY,TYPE_CODE,LASTMODIFIEDBY_CODI,LASTMODIFIEDDATE) VALUES ('es.caib.distribucio.plugins.validatesignature.afirmacxf.debug',null,'Indica si s''utiliza debug mode','VALID_SIGN','1',false,'BOOL',null,null);
INSERT INTO DIS_CONFIG (KEY,VALUE,DESCRIPTION,GROUP_CODE,POSITION,JBOSS_PROPERTY,TYPE_CODE,LASTMODIFIEDBY_CODI,LASTMODIFIEDDATE) VALUES ('es.caib.distribucio.plugins.validatesignature.afirmacxf.applicationID',null,'Id d''aplicació','VALID_SIGN','2',false,'TEXT',null,null);
INSERT INTO DIS_CONFIG (KEY,VALUE,DESCRIPTION,GROUP_CODE,POSITION,JBOSS_PROPERTY,TYPE_CODE,LASTMODIFIEDBY_CODI,LASTMODIFIEDDATE) VALUES ('es.caib.distribucio.plugins.validatesignature.afirmacxf.printxml',null,'Indica si es mostra xml en debug mode','VALID_SIGN','3',false,'BOOL',null,null);
INSERT INTO DIS_CONFIG (KEY,VALUE,DESCRIPTION,GROUP_CODE,POSITION,JBOSS_PROPERTY,TYPE_CODE,LASTMODIFIEDBY_CODI,LASTMODIFIEDDATE) VALUES ('es.caib.distribucio.plugins.validatesignature.afirmacxf.TransformersTemplatesPath',null,'Path per transformers','VALID_SIGN','4',false,'TEXT',null,null);
INSERT INTO DIS_CONFIG (KEY,VALUE,DESCRIPTION,GROUP_CODE,POSITION,JBOSS_PROPERTY,TYPE_CODE,LASTMODIFIEDBY_CODI,LASTMODIFIEDDATE) VALUES ('es.caib.distribucio.plugins.validatesignature.afirmacxf.endpoint',null,'Endpoint','VALID_SIGN','5',true,'TEXT',null,null);
INSERT INTO DIS_CONFIG (KEY,VALUE,DESCRIPTION,GROUP_CODE,POSITION,JBOSS_PROPERTY,TYPE_CODE,LASTMODIFIEDBY_CODI,LASTMODIFIEDDATE) VALUES ('es.caib.distribucio.plugins.validatesignature.afirmacxf.authorization.username',null,'Usuari','VALID_SIGN','6',true,'TEXT',null,null);
INSERT INTO DIS_CONFIG (KEY,VALUE,DESCRIPTION,GROUP_CODE,POSITION,JBOSS_PROPERTY,TYPE_CODE,LASTMODIFIEDBY_CODI,LASTMODIFIEDDATE) VALUES ('es.caib.distribucio.plugins.validatesignature.afirmacxf.authorization.password',null,'Contrasenya','VALID_SIGN','7',true,'CREDENTIALS',null,null);
INSERT INTO DIS_CONFIG (KEY,VALUE,DESCRIPTION,GROUP_CODE,POSITION,JBOSS_PROPERTY,TYPE_CODE,LASTMODIFIEDBY_CODI,LASTMODIFIEDDATE) VALUES ('es.caib.distribucio.plugins.validatesignature.maxBytes','20971520','LLargada màxima en bytes que es poden enviar a validar. Per exemple: 20971520 (20Mb)','VALID_SIGN','8',false,'INT',null,null);
INSERT INTO DIS_CONFIG (KEY,VALUE,DESCRIPTION,GROUP_CODE,POSITION,JBOSS_PROPERTY,TYPE_CODE,LASTMODIFIEDBY_CODI,LASTMODIFIEDDATE) VALUES ('es.caib.distribucio.tasca.enviar.anotacions.backoffice.temps.espera.execucio',null,'Interval de temps entre les execucions de la tasca (ms)','SCHEDULLED_BACKOFFICE','0',false,'INT',null,null);
INSERT INTO DIS_CONFIG (KEY,VALUE,DESCRIPTION,GROUP_CODE,POSITION,JBOSS_PROPERTY,TYPE_CODE,LASTMODIFIEDBY_CODI,LASTMODIFIEDDATE) VALUES ('es.caib.distribucio.tasca.enviar.anotacions.max.reintents',null,'Nombre de reintents de enviar annotacions al backoffice','SCHEDULLED_BACKOFFICE','1',false,'TEXT',null,null);
INSERT INTO DIS_CONFIG (KEY,VALUE,DESCRIPTION,GROUP_CODE,POSITION,JBOSS_PROPERTY,TYPE_CODE,LASTMODIFIEDBY_CODI,LASTMODIFIEDDATE) VALUES ('es.caib.distribucio.tasca.aplicar.regles.temps.espera.execucio',null,'Interval de temps entre les execucions de la tasca (ms)','SCHEDULLED_REGLES','0',false,'INT',null,null);
INSERT INTO DIS_CONFIG (KEY,VALUE,DESCRIPTION,GROUP_CODE,POSITION,JBOSS_PROPERTY,TYPE_CODE,LASTMODIFIEDBY_CODI,LASTMODIFIEDDATE) VALUES ('es.caib.distribucio.tasca.aplicar.regles.max.reintents',null,'Nombre de reintents de aplicar regles','SCHEDULLED_REGLES','1',false,'TEXT',null,null);
INSERT INTO DIS_CONFIG (KEY,VALUE,DESCRIPTION,GROUP_CODE,POSITION,JBOSS_PROPERTY,TYPE_CODE,LASTMODIFIEDBY_CODI,LASTMODIFIEDDATE) values ('es.caib.distribucio.tasca.aplicar.regles.avaluar.totes',null,'Nombre de reintents de aplicar regles','SCHEDULLED_REGLES','2',false,'BOOL',null,null);
INSERT INTO DIS_CONFIG (KEY,VALUE,DESCRIPTION,GROUP_CODE,POSITION,JBOSS_PROPERTY,TYPE_CODE,LASTMODIFIEDBY_CODI,LASTMODIFIEDDATE) VALUES ('es.caib.distribucio.tasca.tancar.contenidors.temps.espera.execucio',null,'Interval de temps entre les execucions de la tasca (ms)','SCHEDULLED_TANCAR','0',false,'INT',null,null);
INSERT INTO DIS_CONFIG (KEY,VALUE,DESCRIPTION,GROUP_CODE,POSITION,JBOSS_PROPERTY,TYPE_CODE,LASTMODIFIEDBY_CODI,LASTMODIFIEDDATE) VALUES ('es.caib.distribucio.tancament.expedient.dies',1825,'Interval de dies que han de passar per efectura el tencament de l''expedient a l''arxiu després de marcar l''anotació com a processada','SCHEDULLED_TANCAR','1',false,'INT',null,null);
INSERT INTO DIS_CONFIG (KEY,VALUE,DESCRIPTION,GROUP_CODE,POSITION,JBOSS_PROPERTY,TYPE_CODE,LASTMODIFIEDBY_CODI,LASTMODIFIEDDATE) VALUES ('es.caib.distribucio.segonpla.email.bustia.periode.enviament.no.agrupat',null,'Interval de temps entre les execucions de la tasca (ms)','SCHEDULLED_EMAILS_NO_AGRUPATS','0',false,'INT',null,null);
INSERT INTO DIS_CONFIG (KEY,VALUE,DESCRIPTION,GROUP_CODE,POSITION,JBOSS_PROPERTY,TYPE_CODE,LASTMODIFIEDBY_CODI,LASTMODIFIEDDATE) VALUES ('es.caib.distribucio.segonpla.email.bustia.cron.enviament.agrupat',null,'Especificar l''expressió ''cron'' indicant l''interval de temps de les execucions de la tasca','SCHEDULLED_EMAILS_AGRUPATS','0',false,'CRON',null,null);
INSERT INTO DIS_CONFIG (KEY,VALUE,DESCRIPTION,GROUP_CODE,POSITION,JBOSS_PROPERTY,TYPE_CODE,LASTMODIFIEDBY_CODI,LASTMODIFIEDDATE) VALUES ('es.caib.distribucio.plugin.arxiu.caib.conversio.imprimible.url',null,'Url per generar versió imprimible','ARXIU','11',true,'TEXT',null,null);
INSERT INTO DIS_CONFIG (KEY,VALUE,DESCRIPTION,GROUP_CODE,POSITION,JBOSS_PROPERTY,TYPE_CODE,LASTMODIFIEDBY_CODI,LASTMODIFIEDDATE) VALUES ('es.caib.distribucio.plugin.arxiu.caib.conversio.imprimible.usuari',null,'Usuari per generar versió imprimible','ARXIU','12',true,'TEXT',null,null);
INSERT INTO DIS_CONFIG (KEY,VALUE,DESCRIPTION,GROUP_CODE,POSITION,JBOSS_PROPERTY,TYPE_CODE,LASTMODIFIEDBY_CODI,LASTMODIFIEDDATE) VALUES ('es.caib.distribucio.plugin.arxiu.caib.conversio.imprimible.contrasenya',null,'Contrasenya per generar versió imprimible','ARXIU','13',true,'CREDENTIALS',null,null);
INSERT INTO DIS_CONFIG (KEY,VALUE,DESCRIPTION,GROUP_CODE,POSITION,JBOSS_PROPERTY,TYPE_CODE,LASTMODIFIEDBY_CODI,LASTMODIFIEDDATE) VALUES ('es.caib.distribucio.datasource.jndi',null,'JNDI','GENERAL','2',true,'TEXT',null,null);
INSERT INTO DIS_CONFIG (KEY,VALUE,DESCRIPTION,GROUP_CODE,POSITION,JBOSS_PROPERTY,TYPE_CODE,LASTMODIFIEDBY_CODI,LASTMODIFIEDDATE) VALUES ('es.caib.distribucio.hibernate.dialect',null,'Dialect','GENERAL','3',true,'TEXT',null,null);
INSERT INTO DIS_CONFIG (KEY,VALUE,DESCRIPTION,GROUP_CODE,POSITION,JBOSS_PROPERTY,TYPE_CODE,LASTMODIFIEDBY_CODI,LASTMODIFIEDDATE) VALUES ('es.caib.distribucio.hibernate.show_sql',null,'Indica si mostrar SQL en logs','GENERAL','4',true,'BOOL',null,null);
INSERT INTO DIS_CONFIG (KEY,VALUE,DESCRIPTION,GROUP_CODE,POSITION,JBOSS_PROPERTY,TYPE_CODE,LASTMODIFIEDBY_CODI,LASTMODIFIEDDATE) VALUES ('es.caib.distribucio.hibernate.hbm2ddl.auto',null,'hbm2ddl','GENERAL','5',true,'TEXT',null,null);
INSERT INTO DIS_CONFIG (KEY,VALUE,DESCRIPTION,GROUP_CODE,POSITION,JBOSS_PROPERTY,TYPE_CODE,LASTMODIFIEDBY_CODI,LASTMODIFIEDDATE) VALUES ('es.caib.distribucio.anotacions.registre.expedient.classificacio',null,'Classificació','ARXIU','14',false,'TEXT',null,null);
INSERT INTO DIS_CONFIG (KEY,VALUE,DESCRIPTION,GROUP_CODE,POSITION,JBOSS_PROPERTY,TYPE_CODE,LASTMODIFIEDBY_CODI,LASTMODIFIEDDATE) VALUES ('es.caib.distribucio.anotacions.registre.expedient.serie.documental',null,'Serie documental','ARXIU','15',false,'TEXT',null,null);
INSERT INTO DIS_CONFIG (KEY,VALUE,DESCRIPTION,GROUP_CODE,POSITION,JBOSS_PROPERTY,TYPE_CODE,LASTMODIFIEDBY_CODI,LASTMODIFIEDDATE) VALUES ('es.caib.distribucio.backoffice.integracio.clau',null,'Clau per xifratge','SCHEDULLED_BACKOFFICE','2',false,'TEXT',null,null);
INSERT INTO DIS_CONFIG (KEY,VALUE,DESCRIPTION,GROUP_CODE,POSITION,JBOSS_PROPERTY,TYPE_CODE,LASTMODIFIEDBY_CODI,LASTMODIFIEDDATE) VALUES ('es.caib.distribucio.backoffice.integracio.retornarAnnexIFirmaContingut',null,'Enviar contingut al backoffice','SCHEDULLED_BACKOFFICE','3',false,'BOOL',null,null);
INSERT INTO DIS_CONFIG (KEY,VALUE,DESCRIPTION,GROUP_CODE,POSITION,JBOSS_PROPERTY,TYPE_CODE,LASTMODIFIEDBY_CODI,LASTMODIFIEDDATE) VALUES ('es.caib.distribucio.anotacions.permetre.reservar',null,'Poder reservar/agafar un assentament abans de marcar-lo com a processat','GENERAL','6',false,'BOOL',null,null);
INSERT INTO DIS_CONFIG (KEY,VALUE,DESCRIPTION,GROUP_CODE,POSITION,JBOSS_PROPERTY,TYPE_CODE,LASTMODIFIEDBY_CODI,LASTMODIFIEDDATE) VALUES ('es.caib.distribucio.plugins.distribucio.fitxers.duplicar.contingut.arxiu',null,'Duplicar contingut en arxiu','GENERAL','8',false,'BOOL',null,null);
INSERT INTO DIS_CONFIG (KEY,VALUE,DESCRIPTION,GROUP_CODE,POSITION,JBOSS_PROPERTY,TYPE_CODE,LASTMODIFIEDBY_CODI,LASTMODIFIEDDATE) VALUES ('es.caib.distribucio.contingut.reenviar.favorits',null,'Favorits permes','GENERAL','9',false,'BOOL',null,null);
INSERT INTO DIS_CONFIG (KEY,VALUE,DESCRIPTION,GROUP_CODE,POSITION,JBOSS_PROPERTY,TYPE_CODE,LASTMODIFIEDBY_CODI,LASTMODIFIEDDATE) VALUES ('es.caib.distribucio.contingut.enviar.coneixement',null,'Poder reenviar a bústies només per a coneixement','GENERAL','10',false,'BOOL',null,null);
INSERT INTO DIS_CONFIG (KEY,VALUE,DESCRIPTION,GROUP_CODE,POSITION,JBOSS_PROPERTY,TYPE_CODE,LASTMODIFIEDBY_CODI,LASTMODIFIEDDATE) VALUES ('es.caib.distribucio.contingut.enviar.arbre.nivell',null,'Propietat per indicar fins a quin nivell obrir l''arbre d''unitats al reenviar una anotació (defecte = 1)','GENERAL','11',false,'INT',null,null);
INSERT INTO DIS_CONFIG (KEY,VALUE,DESCRIPTION,GROUP_CODE,POSITION,JBOSS_PROPERTY,TYPE_CODE,LASTMODIFIEDBY_CODI,LASTMODIFIEDDATE) VALUES ('es.caib.distribucio.plugin.arxiu.class',null,'Classe Arxiu','ARXIU','0',false,'TEXT',null,null);
INSERT INTO DIS_CONFIG (KEY,VALUE,DESCRIPTION,GROUP_CODE,POSITION,JBOSS_PROPERTY,TYPE_CODE,LASTMODIFIEDBY_CODI,LASTMODIFIEDDATE) VALUES ('es.caib.distribucio.entitat.logos.base.dir',null,'Ruta de una carpeta amb Logos','GENERAL','7',false,'TEXT',null,null);
INSERT INTO DIS_CONFIG (KEY,VALUE,DESCRIPTION,GROUP_CODE,POSITION,JBOSS_PROPERTY,TYPE_CODE,LASTMODIFIEDBY_CODI,LASTMODIFIEDDATE) VALUES ('es.caib.distribucio.plugin.arxiu.suporta.metadades',null,'Suporta metadades','ARXIU','7',false,'BOOL',null,null);
INSERT INTO DIS_CONFIG (KEY,VALUE,DESCRIPTION,GROUP_CODE,POSITION,JBOSS_PROPERTY,TYPE_CODE,LASTMODIFIEDBY_CODI,LASTMODIFIEDDATE) VALUES ('es.caib.distribucio.plugin.arxiu.caib.aplicacio.codi',null,'Codi aplicació','ARXIU','2',false,'TEXT',null,null);
INSERT INTO DIS_CONFIG (KEY,VALUE,DESCRIPTION,GROUP_CODE,POSITION,JBOSS_PROPERTY,TYPE_CODE,LASTMODIFIEDBY_CODI,LASTMODIFIEDDATE) VALUES ('es.caib.distribucio.plugin.arxiu.caib.csv_generation_definition',null,'CSV definició','ARXIU','5',false,'TEXT',null,null);
INSERT INTO DIS_CONFIG (KEY,VALUE,DESCRIPTION,GROUP_CODE,POSITION,JBOSS_PROPERTY,TYPE_CODE,LASTMODIFIEDBY_CODI,LASTMODIFIEDDATE) VALUES ('es.caib.distribucio.plugin.arxiu.caib.timeout.connect',null,'Timeout connect','ARXIU','9',false,'INT',null,null);
INSERT INTO DIS_CONFIG (KEY,VALUE,DESCRIPTION,GROUP_CODE,POSITION,JBOSS_PROPERTY,TYPE_CODE,LASTMODIFIEDBY_CODI,LASTMODIFIEDDATE) VALUES ('es.caib.distribucio.plugin.arxiu.caib.timeout.read',null,'Timeout read','ARXIU','10',false,'INT',null,null);
INSERT INTO DIS_CONFIG (KEY,VALUE,DESCRIPTION,GROUP_CODE,POSITION,JBOSS_PROPERTY,TYPE_CODE,LASTMODIFIEDBY_CODI,LASTMODIFIEDDATE) VALUES ('es.caib.distribucio.plugin.arxiu.csv.base.url',null,'Url base CSV','ARXIU','8',true,'TEXT',null,null);
INSERT INTO DIS_CONFIG (KEY,VALUE,DESCRIPTION,GROUP_CODE,POSITION,JBOSS_PROPERTY,TYPE_CODE,LASTMODIFIEDBY_CODI,LASTMODIFIEDDATE) VALUES ('es.caib.distribucio.plugin.arxiu.caib.base.url',null,'Url base ARXIU','ARXIU','1',true,'TEXT',null,null);
INSERT INTO DIS_CONFIG (KEY,VALUE,DESCRIPTION,GROUP_CODE,POSITION,JBOSS_PROPERTY,TYPE_CODE,LASTMODIFIEDBY_CODI,LASTMODIFIEDDATE) VALUES ('es.caib.distribucio.plugin.arxiu.caib.usuari',null,'Usuari arxiu','ARXIU','3',true,'TEXT',null,null);
INSERT INTO DIS_CONFIG (KEY,VALUE,DESCRIPTION,GROUP_CODE,POSITION,JBOSS_PROPERTY,TYPE_CODE,LASTMODIFIEDBY_CODI,LASTMODIFIEDDATE) VALUES ('es.caib.distribucio.plugin.arxiu.caib.contrasenya',null,'Password arxiu','ARXIU','4',true,'CREDENTIALS',null,null);
INSERT INTO DIS_CONFIG (KEY,VALUE,DESCRIPTION,GROUP_CODE,POSITION,JBOSS_PROPERTY,TYPE_CODE,LASTMODIFIEDBY_CODI,LASTMODIFIEDDATE) VALUES ('es.caib.distribucio.plugin.gesdoc.class',null,'Nom de la classe per a gestionar l''emmagatzament de documents','GES_DOC','0',false,'TEXT',null,null);
INSERT INTO DIS_CONFIG (KEY,VALUE,DESCRIPTION,GROUP_CODE,POSITION,JBOSS_PROPERTY,TYPE_CODE,LASTMODIFIEDBY_CODI,LASTMODIFIEDDATE) VALUES ('es.caib.distribucio.plugin.gesdoc.filesystem.base.dir',null,'Directori del sistema de fitxers on emmagatzemar els documents','GES_DOC','1',false,'TEXT',null,null);
INSERT INTO DIS_CONFIG (KEY,VALUE,DESCRIPTION,GROUP_CODE,POSITION,JBOSS_PROPERTY,TYPE_CODE,LASTMODIFIEDBY_CODI,LASTMODIFIEDDATE) VALUES ('es.caib.distribucio.plugin.dades.usuari.class',null,'Classe per a gestionar l''accés al plugin d''usuaris','USUARIS','0',true,'TEXT',null,null);
INSERT INTO DIS_CONFIG (KEY,VALUE,DESCRIPTION,GROUP_CODE,POSITION,JBOSS_PROPERTY,TYPE_CODE,LASTMODIFIEDBY_CODI,LASTMODIFIEDDATE) VALUES ('es.caib.distribucio.plugin.dades.usuari.jdbc.datasource.jndi.name',null,'Datasource dels usuaris','USUARIS','1',true,'TEXT',null,null);
INSERT INTO DIS_CONFIG (KEY,VALUE,DESCRIPTION,GROUP_CODE,POSITION,JBOSS_PROPERTY,TYPE_CODE,LASTMODIFIEDBY_CODI,LASTMODIFIEDDATE) VALUES ('es.caib.distribucio.plugin.dades.usuari.jdbc.query.codi',null,'Consulta d''usuaris per codi','USUARIS','2',true,'TEXT',null,null);
INSERT INTO DIS_CONFIG (KEY,VALUE,DESCRIPTION,GROUP_CODE,POSITION,JBOSS_PROPERTY,TYPE_CODE,LASTMODIFIEDBY_CODI,LASTMODIFIEDDATE) VALUES ('es.caib.distribucio.plugin.dades.usuari.jdbc.query.nif',null,'Consulta d''usuaris per nif','USUARIS','3',true,'TEXT',null,null);
INSERT INTO DIS_CONFIG (KEY,VALUE,DESCRIPTION,GROUP_CODE,POSITION,JBOSS_PROPERTY,TYPE_CODE,LASTMODIFIEDBY_CODI,LASTMODIFIEDDATE) VALUES ('es.caib.distribucio.plugin.dades.usuari.jdbc.query.rols',null,'Consulta d''usuaris per rols','USUARIS','4',true,'TEXT',null,null);
INSERT INTO DIS_CONFIG (KEY,VALUE,DESCRIPTION,GROUP_CODE,POSITION,JBOSS_PROPERTY,TYPE_CODE,LASTMODIFIEDBY_CODI,LASTMODIFIEDDATE) VALUES ('es.caib.distribucio.plugin.dades.usuari.jdbc.query.grup',null,'Consulta d''usuaris per grup','USUARIS','5',true,'INT',null,null);
INSERT INTO DIS_CONFIG (KEY,VALUE,DESCRIPTION,GROUP_CODE,POSITION,JBOSS_PROPERTY,TYPE_CODE,LASTMODIFIEDBY_CODI,LASTMODIFIEDDATE) VALUES ('es.caib.distribucio.plugin.dades.usuari.pluginsib.userinformation.keycloak.serverurl', NULL, 'Url del servidor de keycloak', 'USUARIS', '6', true, 'TEXT', null, null);
INSERT INTO DIS_CONFIG (KEY,VALUE,DESCRIPTION,GROUP_CODE,POSITION,JBOSS_PROPERTY,TYPE_CODE,LASTMODIFIEDBY_CODI,LASTMODIFIEDDATE) VALUES ('es.caib.distribucio.plugin.dades.usuari.pluginsib.userinformation.keycloak.realm', NULL, 'Realm del keycloak', 'USUARIS', '7', true, 'TEXT', null, null);
INSERT INTO DIS_CONFIG (KEY,VALUE,DESCRIPTION,GROUP_CODE,POSITION,JBOSS_PROPERTY,TYPE_CODE,LASTMODIFIEDBY_CODI,LASTMODIFIEDDATE) VALUES ('es.caib.distribucio.plugin.dades.usuari.pluginsib.userinformation.keycloak.client_id', NULL, 'Client ID del keycloak', 'USUARIS', '8', true, 'TEXT', null, null);
INSERT INTO DIS_CONFIG (KEY,VALUE,DESCRIPTION,GROUP_CODE,POSITION,JBOSS_PROPERTY,TYPE_CODE,LASTMODIFIEDBY_CODI,LASTMODIFIEDDATE) VALUES ('es.caib.distribucio.plugin.dades.usuari.pluginsib.userinformation.keycloak.client_id_for_user_autentication', NULL, 'Client ID per autenticació del keycloak', 'USUARIS', '9', true, 'TEXT', null, null);
INSERT INTO DIS_CONFIG (KEY,VALUE,DESCRIPTION,GROUP_CODE,POSITION,JBOSS_PROPERTY,TYPE_CODE,LASTMODIFIEDBY_CODI,LASTMODIFIEDDATE) VALUES ('es.caib.distribucio.plugin.dades.usuari.pluginsib.userinformation.keycloak.password_secret', NULL, 'Secret del client de keycloak', 'USUARIS', '10', true, 'CREDENTIALS', null, null);
INSERT INTO DIS_CONFIG (KEY,VALUE,DESCRIPTION,GROUP_CODE,POSITION,JBOSS_PROPERTY,TYPE_CODE,LASTMODIFIEDBY_CODI,LASTMODIFIEDDATE) VALUES ('es.caib.distribucio.plugin.dades.usuari.pluginsib.userinformation.keycloak.mapping.administrationID', 'NIF', 'Mapeig del administrationID de keycloak', 'USUARIS', '11', false, 'TEXT', null, null);
INSERT INTO DIS_CONFIG (KEY,VALUE,DESCRIPTION,GROUP_CODE,POSITION,JBOSS_PROPERTY,TYPE_CODE,LASTMODIFIEDBY_CODI,LASTMODIFIEDDATE) VALUES ('es.caib.distribucio.plugin.dades.usuari.pluginsib.userinformation.keycloak.debug', 'false', 'Activar el debug del plugin de keycloak', 'USUARIS', '12', false, 'BOOL', null, null);
INSERT INTO DIS_CONFIG (KEY,VALUE,DESCRIPTION,GROUP_CODE,POSITION,JBOSS_PROPERTY,TYPE_CODE,LASTMODIFIEDBY_CODI,LASTMODIFIEDDATE) VALUES ('es.caib.distribucio.contingut.reenviar.mostrar.permisos',null,'Mostrar usuaris amb permís sobre bústies al reenviar','GENERAL','11',false,'BOOL',null,null);
INSERT INTO DIS_CONFIG (KEY,VALUE,DESCRIPTION,GROUP_CODE,POSITION,JBOSS_PROPERTY,TYPE_CODE,LASTMODIFIEDBY_CODI,LASTMODIFIEDDATE) VALUES ('es.caib.distribucio.concsv.base.url',null,'Url base al servei de CONCSV','GENERAL','12',true,'TEXT',null,null);
INSERT INTO DIS_CONFIG (KEY,VALUE,DESCRIPTION,GROUP_CODE,POSITION,JBOSS_PROPERTY,TYPE_CODE,LASTMODIFIEDBY_CODI,LASTMODIFIEDDATE) VALUES ('es.caib.distribucio.sobreescriure.anotacions.duplicades','false','Permetre sobreescriure anotacions duplicades al reenviar','GENERAL','13',false,'BOOL',null,null);
INSERT INTO DIS_CONFIG (KEY,VALUE,DESCRIPTION,GROUP_CODE,POSITION,JBOSS_PROPERTY,TYPE_CODE,LASTMODIFIEDBY_CODI,LASTMODIFIEDDATE) VALUES ('es.caib.distribucio.contingut.generacio.zip.num.threads',null,'Número de threads màxim per a la consulta y generació del .zip de documentació (per defecte 3)','GENERAL','14',false,'INT',null,null);
INSERT INTO DIS_CONFIG (KEY,VALUE,DESCRIPTION,GROUP_CODE,POSITION,JBOSS_PROPERTY,TYPE_CODE,LASTMODIFIEDBY_CODI,LASTMODIFIEDDATE) VALUES ('es.caib.distribucio.default.user.entorn',null,'Entorn on es troba l''aplicació','GENERAL','15',false,'TEXT',null,null);
INSERT INTO DIS_CONFIG (KEY,VALUE,DESCRIPTION,GROUP_CODE,POSITION,JBOSS_PROPERTY,TYPE_CODE,LASTMODIFIEDBY_CODI,LASTMODIFIEDDATE) VALUES ('es.caib.distribucio.no.permetre.reenviar.bustia.default.entitat',null,'Marcar per no permetre reenviar anotacions a la bústia per defecte de l''entitat','GENERAL','11',false,'BOOL',null,null);
INSERT INTO DIS_CONFIG (KEY,VALUE,DESCRIPTION,GROUP_CODE,POSITION,JBOSS_PROPERTY,TYPE_CODE,LASTMODIFIEDBY_CODI,LASTMODIFIEDDATE) VALUES ('es.caib.distribucio.tasca.monitor.integracio.esborrar.antics.periode', '3600000', 'Iterval de temps entre les execucions de la tasca (ms). Per defecte 3600000 ms', 'SCHEDULLED_MON_INT', 0, false, 'INT',null,null);
INSERT INTO DIS_CONFIG (KEY,VALUE,DESCRIPTION,GROUP_CODE,POSITION,JBOSS_PROPERTY,TYPE_CODE,LASTMODIFIEDBY_CODI,LASTMODIFIEDDATE) VALUES ('es.caib.distribucio.tasca.monitor.integracio.esborrar.antics.dies', '30', 'Dies màxim d''antiguitat per guardar registres. Per defecte 30 dies.', 'SCHEDULLED_MON_INT', 1, false, 'INT',null,null);
INSERT INTO DIS_CONFIG (KEY,VALUE,DESCRIPTION,GROUP_CODE,POSITION,JBOSS_PROPERTY,TYPE_CODE,LASTMODIFIEDBY_CODI,CONFIGURABLE,ENTITAT_CODI,LASTMODIFIEDDATE) VALUES ('es.caib.distribucio.backoffice.interval.temps.reintentar.processament', null, 'Interval de temps entre les execucions de la tasca(ms)', 'SCHEDULLED_BACKOFFICE_ERRORS', '1', false, 'INT', null, false, null, null);
INSERT INTO DIS_CONFIG (KEY,VALUE,DESCRIPTION,GROUP_CODE,POSITION,JBOSS_PROPERTY,TYPE_CODE,LASTMODIFIEDBY_CODI,CONFIGURABLE,ENTITAT_CODI,LASTMODIFIEDDATE) VALUES ('es.caib.distribucio.backoffice.reintentar.processament.max.reintents', null, 'Nombre màxim de reintents per reintentar el processament al backoffice', 'SCHEDULLED_BACKOFFICE_ERRORS', '2', false, 'INT', null, '0', null, null);
INSERT INTO DIS_CONFIG (KEY,VALUE,DESCRIPTION,GROUP_CODE,POSITION,JBOSS_PROPERTY,TYPE_CODE,LASTMODIFIEDBY_CODI,CONFIGURABLE,ENTITAT_CODI,LASTMODIFIEDDATE) VALUES ('es.caib.distribucio.monitor.integracio.errors.temps','48','Indica el temps que es tindrà en compte per mostrar el número d''errors (per defecte 48h.)','GENERAL','15',false,'INT',null, '0', null,null);
INSERT INTO DIS_CONFIG (KEY,VALUE,DESCRIPTION,GROUP_CODE,POSITION,JBOSS_PROPERTY,TYPE_CODE,LASTMODIFIEDBY_CODI,CONFIGURABLE,ENTITAT_CODI,LASTMODIFIEDDATE) VALUES ('es.caib.distribucio.tasca.guardar.annexos.com.esborrany.si.perfils.o.tipus.no.existeix.al.caib',0,'Guardar els annexos com a esborranys quan els tipus i perfils de firma no estàn contemplades a l''Arxiu CAIB','SCHEDULLED_ARXIU','6',false,'BOOL',null,'0',null,null);
INSERT INTO DIS_CONFIG (KEY,VALUE,DESCRIPTION,GROUP_CODE,POSITION,JBOSS_PROPERTY,TYPE_CODE,LASTMODIFIEDBY_CODI,CONFIGURABLE,ENTITAT_CODI,LASTMODIFIEDDATE) VALUES ('es.caib.distribucio.tasca.monitor.integracio.actualitzar.procediments',null,'Especificar l''expressió ''cron'' indicant l''interval de temps de les actualitzacions dels procediments en segon pla. Per defecte s''aplicarà el cron corresponent per actualitzar cada divendres a les 15:30h','SCHEDULLED_PROCEDIMENT','7',false,'TEXT', NULL, '0',null,null);

INSERT INTO DIS_CONFIG (KEY,VALUE,DESCRIPTION,GROUP_CODE,POSITION,JBOSS_PROPERTY,TYPE_CODE,LASTMODIFIEDBY_CODI,LASTMODIFIEDDATE) VALUES ('es.caib.distribucio.plantilla.informe.trasabilitat.ca',null,'Ruta plantilla informe de traçabilitat en català','GENERAL','16',false,'TEXT',null,null);
INSERT INTO DIS_CONFIG (KEY,VALUE,DESCRIPTION,GROUP_CODE,POSITION,JBOSS_PROPERTY,TYPE_CODE,LASTMODIFIEDBY_CODI,LASTMODIFIEDDATE) VALUES ('es.caib.distribucio.plantilla.informe.trasabilitat.es',null,'Ruta plantilla informe de traçabilitat en castellà','GENERAL','17',false,'TEXT',null,null);
INSERT INTO DIS_CONFIG (KEY,VALUE,DESCRIPTION,GROUP_CODE,POSITION,JBOSS_PROPERTY,TYPE_CODE,LASTMODIFIEDBY_CODI,LASTMODIFIEDDATE) VALUES ('es.caib.distribucio.plantilla.historic.ca',null,'Ruta plantilla històric en català','GENERAL','18',false,'TEXT',null,null);
INSERT INTO DIS_CONFIG (KEY,VALUE,DESCRIPTION,GROUP_CODE,POSITION,JBOSS_PROPERTY,TYPE_CODE,LASTMODIFIEDBY_CODI,LASTMODIFIEDDATE) VALUES ('es.caib.distribucio.plantilla.historic.es',null,'Ruta plantilla històric en castellà','GENERAL','19',false,'TEXT',null,null);
INSERT INTO DIS_CONFIG (KEY,VALUE,DESCRIPTION,GROUP_CODE,POSITION,JBOSS_PROPERTY,TYPE_CODE,LASTMODIFIEDBY_CODI,LASTMODIFIEDDATE) VALUES ('es.caib.distribucio.contingut.modificar.titol','0','Permetre modificar el títol d''una anotació en classificar','GENERAL','20',false,'BOOL',null,null);
INSERT INTO DIS_CONFIG (KEY,VALUE,DESCRIPTION,GROUP_CODE,POSITION,JBOSS_PROPERTY,TYPE_CODE,LASTMODIFIEDBY_CODI,LASTMODIFIEDDATE) VALUES ('es.caib.distribucio.permetre.metadades.registre','0','Permetre metadatar assentaments registrals','GENERAL','21',false,'BOOL',null,null);
INSERT INTO DIS_CONFIG (KEY,VALUE,DESCRIPTION,GROUP_CODE,POSITION,JBOSS_PROPERTY,TYPE_CODE,LASTMODIFIEDBY_CODI,LASTMODIFIEDDATE) VALUES ('es.caib.distribucio.assignar.anotacions','0','Permetre assignar una anotació a un usuari','GENERAL','22',false,'BOOL',null,null);
INSERT INTO DIS_CONFIG (KEY,VALUE,DESCRIPTION,GROUP_CODE,POSITION,JBOSS_PROPERTY,TYPE_CODE,LASTMODIFIEDBY_CODI,LASTMODIFIEDDATE) VALUES ('es.caib.distribucio.mostrar.usuaris.inactius.ldap','1','Indica si mostrar els usuaris inactius a la LDAP que tenen permís sobre una bústia','GENERAL','23',false,'BOOL',null,null);

-- Actualització de les propietats que poden ser configurables a nivell d'entitat

UPDATE DIS_CONFIG SET CONFIGURABLE = 1 WHERE KEY LIKE 'es.caib.distribucio.anotacions.permetre.reservar';
UPDATE DIS_CONFIG SET CONFIGURABLE = 1 WHERE KEY LIKE 'es.caib.distribucio.plugins.distribucio.fitxers.duplicar.contingut.arxiu';
UPDATE DIS_CONFIG SET CONFIGURABLE = 1 WHERE KEY LIKE 'es.caib.distribucio.contingut.reenviar.favorits';
UPDATE DIS_CONFIG SET CONFIGURABLE = 1 WHERE KEY LIKE 'es.caib.distribucio.contingut.enviar.coneixement';
UPDATE DIS_CONFIG SET CONFIGURABLE = 1 WHERE KEY LIKE 'es.caib.distribucio.contingut.reenviar.mostrar.permisos';
UPDATE DIS_CONFIG SET CONFIGURABLE = 1 WHERE KEY LIKE 'es.caib.distribucio.no.permetre.reenviar.bustia.default.entitat';
UPDATE DIS_CONFIG SET CONFIGURABLE = 1 WHERE KEY LIKE 'es.caib.distribucio.contingut.enviar.arbre.nivell';
UPDATE DIS_CONFIG SET CONFIGURABLE = 1 WHERE KEY LIKE 'es.caib.distribucio.sobreescriure.anotacions.duplicades';
UPDATE DIS_CONFIG SET CONFIGURABLE = 1 WHERE KEY LIKE 'es.caib.distribucio.concsv.base.url';
UPDATE DIS_CONFIG SET CONFIGURABLE = 1 WHERE KEY LIKE 'es.caib.distribucio.email.remitent';
UPDATE DIS_CONFIG SET CONFIGURABLE = 1 WHERE KEY LIKE 'es.caib.distribucio.plugin.arxiu.class';
UPDATE DIS_CONFIG SET CONFIGURABLE = 1 WHERE KEY LIKE 'es.caib.distribucio.plugin.arxiu.caib.base.url';
UPDATE DIS_CONFIG SET CONFIGURABLE = 1 WHERE KEY LIKE 'es.caib.distribucio.plugin.arxiu.caib.aplicacio.codi';
UPDATE DIS_CONFIG SET CONFIGURABLE = 1 WHERE KEY LIKE 'es.caib.distribucio.plugin.arxiu.caib.usuari';
UPDATE DIS_CONFIG SET CONFIGURABLE = 1 WHERE KEY LIKE 'es.caib.distribucio.plugin.arxiu.caib.contrasenya';
UPDATE DIS_CONFIG SET CONFIGURABLE = 1 WHERE KEY LIKE 'es.caib.distribucio.plugin.arxiu.caib.csv_generation_definition';
UPDATE DIS_CONFIG SET CONFIGURABLE = 1 WHERE KEY LIKE 'es.caib.distribucio.plugin.arxiu.document.versionable';
UPDATE DIS_CONFIG SET CONFIGURABLE = 1 WHERE KEY LIKE 'es.caib.distribucio.plugin.arxiu.suporta.metadades';
UPDATE DIS_CONFIG SET CONFIGURABLE = 1 WHERE KEY LIKE 'es.caib.distribucio.plugin.arxiu.csv.base.url';
UPDATE DIS_CONFIG SET CONFIGURABLE = 1 WHERE KEY LIKE 'es.caib.distribucio.plugin.arxiu.caib.timeout.connect';
UPDATE DIS_CONFIG SET CONFIGURABLE = 1 WHERE KEY LIKE 'es.caib.distribucio.plugin.arxiu.caib.timeout.read';
UPDATE DIS_CONFIG SET CONFIGURABLE = 1 WHERE KEY LIKE 'es.caib.distribucio.plugin.arxiu.caib.conversio.imprimible.url';
UPDATE DIS_CONFIG SET CONFIGURABLE = 1 WHERE KEY LIKE 'es.caib.distribucio.plugin.arxiu.caib.conversio.imprimible.usuari';
UPDATE DIS_CONFIG SET CONFIGURABLE = 1 WHERE KEY LIKE 'es.caib.distribucio.plugin.arxiu.caib.conversio.imprimible.contrasenya';
UPDATE DIS_CONFIG SET CONFIGURABLE = 1 WHERE KEY LIKE 'es.caib.distribucio.anotacions.registre.expedient.classificacio';
UPDATE DIS_CONFIG SET CONFIGURABLE = 1 WHERE KEY LIKE 'es.caib.distribucio.anotacions.registre.expedient.serie.documental';
UPDATE DIS_CONFIG SET CONFIGURABLE = 1 WHERE KEY LIKE 'es.caib.distribucio.plugin.unitats.organitzatives.class';
UPDATE DIS_CONFIG SET CONFIGURABLE = 1 WHERE KEY LIKE 'es.caib.distribucio.plugin.unitats.organitzatives.dir3.service.url';
UPDATE DIS_CONFIG SET CONFIGURABLE = 1 WHERE KEY LIKE 'es.caib.distribucio.plugin.unitats.organitzatives.dir3.service.username';
UPDATE DIS_CONFIG SET CONFIGURABLE = 1 WHERE KEY LIKE 'es.caib.distribucio.plugin.unitats.organitzatives.dir3.service.password';
UPDATE DIS_CONFIG SET CONFIGURABLE = 1 WHERE KEY LIKE 'es.caib.distribucio.plugin.unitats.organitzatives.dir3.connect.timeout';
UPDATE DIS_CONFIG SET CONFIGURABLE = 1 WHERE KEY LIKE 'es.caib.distribucio.plugin.unitats.organitzatives.dir3.request.timeout';
UPDATE DIS_CONFIG SET CONFIGURABLE = 1 WHERE KEY LIKE 'es.caib.distribucio.plugin.gesdoc.class';
UPDATE DIS_CONFIG SET CONFIGURABLE = 1 WHERE KEY LIKE 'es.caib.distribucio.plugin.gesdoc.filesystem.base.dir';
UPDATE DIS_CONFIG SET CONFIGURABLE = 1 WHERE KEY LIKE 'es.caib.distribucio.plugins.distribucio.fitxers.class';
UPDATE DIS_CONFIG SET CONFIGURABLE = 1 WHERE KEY LIKE 'es.caib.distribucio.plugin.procediment.class';
UPDATE DIS_CONFIG SET CONFIGURABLE = 1 WHERE KEY LIKE 'es.caib.distribucio.plugin.procediment.rolsac.service.url';
UPDATE DIS_CONFIG SET CONFIGURABLE = 1 WHERE KEY LIKE 'es.caib.distribucio.plugin.procediment.rolsac.service.username';
UPDATE DIS_CONFIG SET CONFIGURABLE = 1 WHERE KEY LIKE 'es.caib.distribucio.plugin.dadesext.class';
UPDATE DIS_CONFIG SET CONFIGURABLE = 1 WHERE KEY LIKE 'es.caib.distribucio.plugin.dadesext.service.url';
UPDATE DIS_CONFIG SET CONFIGURABLE = 1 WHERE KEY LIKE 'es.caib.distribucio.plugin.signatura.class';
UPDATE DIS_CONFIG SET CONFIGURABLE = 1 WHERE KEY LIKE 'es.caib.distribucio.plugin.signatura.signarAnnexos';
UPDATE DIS_CONFIG SET CONFIGURABLE = 1 WHERE KEY LIKE 'es.caib.distribucio.plugin.api.firma.en.servidor.simple.endpoint';
UPDATE DIS_CONFIG SET CONFIGURABLE = 1 WHERE KEY LIKE 'es.caib.distribucio.plugin.api.firma.en.servidor.simple.username';
UPDATE DIS_CONFIG SET CONFIGURABLE = 1 WHERE KEY LIKE 'es.caib.distribucio.plugin.api.firma.en.servidor.simple.password';
UPDATE DIS_CONFIG SET CONFIGURABLE = 1 WHERE KEY LIKE 'es.caib.distribucio.plugin.api.firma.en.servidor.simple.perfil';
UPDATE DIS_CONFIG SET CONFIGURABLE = 1 WHERE KEY LIKE 'es.caib.distribucio.plugin.signatura.portafib.username';
UPDATE DIS_CONFIG SET CONFIGURABLE = 1 WHERE KEY LIKE 'es.caib.distribucio.plugin.validatesignature.class';
UPDATE DIS_CONFIG SET CONFIGURABLE = 1 WHERE KEY LIKE 'es.caib.distribucio.plugins.validatesignature.afirmacxf.debug';
UPDATE DIS_CONFIG SET CONFIGURABLE = 1 WHERE KEY LIKE 'es.caib.distribucio.plugins.validatesignature.afirmacxf.applicationID';
UPDATE DIS_CONFIG SET CONFIGURABLE = 1 WHERE KEY LIKE 'es.caib.distribucio.plugins.validatesignature.afirmacxf.printxml';
UPDATE DIS_CONFIG SET CONFIGURABLE = 1 WHERE KEY LIKE 'es.caib.distribucio.plugins.validatesignature.afirmacxf.TransformersTemplatesPath';
UPDATE DIS_CONFIG SET CONFIGURABLE = 1 WHERE KEY LIKE 'es.caib.distribucio.plugins.validatesignature.afirmacxf.endpoint';
UPDATE DIS_CONFIG SET CONFIGURABLE = 1 WHERE KEY LIKE 'es.caib.distribucio.plugins.validatesignature.afirmacxf.authorization.username';
UPDATE DIS_CONFIG SET CONFIGURABLE = 1 WHERE KEY LIKE 'es.caib.distribucio.plugins.validatesignature.afirmacxf.authorization.password';
UPDATE DIS_CONFIG SET CONFIGURABLE = 1 WHERE KEY LIKE 'es.caib.distribucio.plugins.validatesignature.maxBytes';
UPDATE DIS_CONFIG SET CONFIGURABLE = 1 WHERE KEY LIKE 'es.caib.distribucio.tasca.guardar.annexos.max.reintents';
UPDATE DIS_CONFIG SET CONFIGURABLE = 1 WHERE KEY LIKE 'es.caib.distribucio.tasca.enviar.anotacions.max.reintents';
UPDATE DIS_CONFIG SET CONFIGURABLE = 1 WHERE KEY LIKE 'es.caib.distribucio.tasca.aplicar.regles.max.reintents';

